name	shop_location	shopee_verified	discount	is_adult	options	show_official_shop_label_in_title	rating_star	rating_count	flash_sale	upcoming_flash_sale	price_min	price_min_before_discoun	price_max	price_max_before_discount	price	price_before_discount	coin_earn_label	liked_count	view_count	cmt_count	is_preferred_plus_seller	show_free_shipping	images	video_info_list	sold	historical_sold
[M√£ FACB201 ho√†n 15% t·ªëi ƒëa 30K xu ƒë∆°n 50K] K·∫πp t√≥c ng·ªçc trai thanh l·ªãch th·ªùi trang H√†n Qu·ªëc cho n·ªØ nhi·ªÅu ki·ªÉu t√πy ch·ªçn	N∆∞·ªõc ngo√†i	True	33%	False	19	False	4.94049	[857, 4, 2, 6, 17, 828]	None	None	800000000	1000000000	2000000000	2900000000	800000000	1000000000	None	534	45090	857	False	False	9	1	2684	3899
[M√£ FACB201 ho√†n 15% t·ªëi ƒëa 30K xu ƒë∆°n 50K] Set 6 K·∫πp T√≥c Ki·ªÉu D√°ng Th·ªùi Trang Phong C√°ch H√†n Qu·ªëc Cho N·ªØ	N∆∞·ªõc ngo√†i	True	40%	False	12	False	4.84	[50, 1, 0, 1, 2, 46]	None	None	5300000000	7500000000	7400000000	12000000000	5300000000	7500000000	None	128	9291	50	False	False	6	1	158	221
V√≤ng C·ªï Choker Th·ªùi Trang C√° T√≠nh Cho N·ªØ	N∆∞·ªõc ngo√†i	True	25%	False	1	False	5.0	[7, 0, 0, 0, 0, 7]	None	None	1570000000	2100000000	1570000000	2100000000	1570000000	2100000000	None	18	1027	7	False	False	9	0	16	21
[M√£ FACB201 ho√†n 15% t·ªëi ƒëa 30K xu ƒë∆°n 50K] K·∫πp T√≥c N·ªØ Trang S·ª©c H√¨nh G·∫•u / Th·ªè D·ªÖ Th∆∞∆°ng H·ª£p Th·ªùi Trang	N∆∞·ªõc ngo√†i	True	41%	False	2	False	4.733333	[15, 1, 0, 0, 0, 14]	None	None	2490000000	4200000000	2490000000	4200000000	2490000000	4200000000	None	14	579	15	False	False	9	0	18	42
N·ªØ Th·ªùi Trang Tinh T·∫ø V√≤ng tay m·∫° b·∫°c thi·∫øt k·∫ø nhi·ªÅu ki·ªÉu d√°ng th·ªùi trang xinh x·∫Øn cho n·ªØ	N∆∞·ªõc ngo√†i	True	49%	False	9	False	4.90566	[106, 2, 0, 0, 2, 102]	None	None	900000000	1775000000	1080000000	1973800000	900000000	1775000000	None	65	4054	106	False	False	9	0	184	417
[ùêíùêÜ-ùêÇùê®ÃÅ ùêí·∫µùêß]- T·∫•t ƒë√πi s·ªçc th·ªùi trang n·ªØ- Full m√†u	TP. H·ªì Ch√≠ Minh	False	None	False	5	False	4.285714	[7, 1, 0, 0, 1, 5]	None	None	2500000000	-1	2500000000	-1	2500000000	0	None	5	225	7	False	False	9	0	29	45
C·∫∑p B√¥ng Tai Ng·ªçc Trai Gi·∫£ Th·ªùi Trang N·ªØ	N∆∞·ªõc ngo√†i	True	30%	False	1	False	5.0	[8, 0, 0, 0, 0, 8]	None	None	1320000000	1880600000	1320000000	1880600000	1320000000	1880600000	None	7	235	8	False	False	9	0	16	20
K·∫πp t√≥c gi·∫£ thi·∫øt k·∫ø th·∫≥ng nhi·ªÅu m√†u s·∫Øc th·ªùi trang n·ªØ c√° t√≠nh	N∆∞·ªõc ngo√†i	False	None	False	23	False	5.0	[17, 0, 0, 0, 0, 17]	None	None	630000000	-1	630000000	-1	630000000	0	None	31	612	17	False	False	9	0	120	237
V√≤ng tay kim lo·∫°i thi·∫øt k·∫ø  s√°ng t·∫°o th·ªùi trang n·ªØ d·ªÖ th∆∞∆°ng	N∆∞·ªõc ngo√†i	True	40%	False	1	False	5.0	[4, 0, 0, 0, 0, 4]	None	None	3275800000	5459600000	3275800000	5459600000	3275800000	5459600000	None	7	115	4	False	False	5	0	3	11
[M√£ FACB201 ho√†n 15% t·ªëi ƒëa 30K xu ƒë∆°n 50K] Set khuy√™n tai 11 ki·ªÉu d√°ng m√†u v√†ng phong c√°ch H√†n Qu·ªëc retro th·ªùi trang n·ªØ	N∆∞·ªõc ngo√†i	True	50%	False	11	False	4.948718	[195, 0, 0, 2, 6, 187]	None	None	1020000000	2040000000	1950000000	3900000000	1020000000	2040000000	None	237	12694	195	False	False	9	0	368	960
G·ªçng k√≠nh c·∫≠n tr√≤n kim lo·∫°i th·ªùi trang n·ªØ 2736 nhi·ªÅu m√†u	H√† N·ªôi	True	None	False	4	False	4.871795	[195, 1, 1, 2, 14, 177]	None	None	8000000000	-1	9900000000	-1	8000000000	0	None	420	11850	195	False	True	2	1	156	434
[M√£ FACB201 ho√†n 15% t·ªëi ƒëa 30K xu ƒë∆°n 50K] K·∫πp t√≥c/ D√¢y c·ªôt t√≥c n∆° to b·∫£n m√†u tr∆°n th·ªùi trang n·ªØ	N∆∞·ªõc ngo√†i	True	29%	False	12	False	4.926145	[1354, 4, 7, 8, 47, 1288]	None	None	1350000000	1912600000	1350000000	1912600000	1350000000	1912600000	None	765	6119	1354	False	True	9	1	580	4325
[M√£ FACB201 ho√†n 15% t·ªëi ƒëa 30K xu ƒë∆°n 50K] V√≤ng ƒëeo tay m·∫∑t h√¨nh hoa xinh x·∫Øn th·ªùi trang n·ªØ	N∆∞·ªõc ngo√†i	True	50%	False	1	False	4.925905	[1742, 7, 8, 14, 52, 1661]	None	None	900000000	1800000000	900000000	1800000000	900000000	1800000000	None	1483	7226	1742	False	True	6	0	327	5779
[M√£ FACB201 ho√†n 15% t·ªëi ƒëa 30K xu ƒë∆°n 50K] D√¢y Chuy·ªÅn M·∫∑t Thanh G·ªó Th·ªùi Trang N·ªØ	N∆∞·ªõc ngo√†i	False	49%	False	2	False	4.980108	[553, 2, 0, 1, 1, 549]	None	None	1000000000	1971000000	1000000000	1971000000	1000000000	1971000000	None	190	6845	553	False	False	6	0	453	1446
[M√£ FACB201 ho√†n 15% t·ªëi ƒëa 30K xu ƒë∆°n 50K] D√¢y chuy·ªÅn kim lo·∫°i m·∫∑t h√¨nh b∆∞∆°m b∆∞·ªõm xinh x·∫Øn th·ªùi trang n·ªØ	N∆∞·ªõc ngo√†i	True	40%	False	1	False	4.817143	[350, 8, 3, 5, 13, 321]	None	None	993600000	1656000000	993600000	1656000000	993600000	1656000000	None	167	4367	350	False	False	5	0	251	869
[M√£ FACB201 ho√†n 15% t·ªëi ƒëa 30K xu ƒë∆°n 50K] (H√†ng M·ªõi V·ªÅ) 1 K·∫πp T√≥c Ng·ªçc Trai Gi·∫£ 13 K√≠ch C·ª° Th·ªùi Trang N·ªØ	N∆∞·ªõc ngo√†i	True	40%	False	13	False	4.905585	[1506, 7, 7, 26, 47, 1419]	None	None	600000000	1000000000	2500000000	4160000000	600000000	1000000000	None	1163	30284	1506	False	False	9	1	1406	5120
[M√£ FACB201 ho√†n 15% t·ªëi ƒëa 30K xu ƒë∆°n 50K] D√¢y bu·ªôc t√≥c trang tr√≠ ƒë·ªông v·∫≠t ho·∫°t h√¨nh xinh x·∫Øn th·ªùi trang n·ªØ	N∆∞·ªõc ngo√†i	False	22%	False	5	False	4.93309	[823, 7, 3, 4, 10, 799]	None	None	130000000	166600000	130000000	166600000	130000000	166600000	None	165	4178	823	False	False	9	1	1336	6522
[T√≠m.Little] ·∫¢nh th·∫≠t- KHƒÇN BANDANA C√öC VI·ªÄN REN TURBAN V·∫¢I HOT TREND TH·ªúI TRANG N·ªÆ	TP. H·ªì Ch√≠ Minh	False	49%	False	14	False	4.952381	[21, 0, 0, 0, 1, 20]	None	None	1140000000	1500000000	2300000000	4500000000	1140000000	1500000000	None	54	136	21	False	True	8	0	1	60
KhƒÉn Qu√†ng C·ªï Th·ªùi Trang N·ªØ Cao C·∫•p Ch·∫•t Len M·ªãn ·∫§m √Åp Nhi·ªÅu M√†u Hot Trend K√≠ch Th∆∞·ªõc 180x68cm	TP. H·ªì Ch√≠ Minh	True	None	False	12	False	4.876494	[502, 4, 2, 10, 20, 466]	None	None	11000000000	-1	12000000000	-1	11000000000	0	None	181	5090	501	False	True	8	0	208	1324
[M√£ FACB201 ho√†n 15% t·ªëi ƒëa 30K xu ƒë∆°n 50K] K·∫πp t√≥c ƒë√≠nh ƒë√° l·∫•p l√°nh phong c√°ch H√†n Qu·ªëc th·ªùi trang n·ªØ thanh l·ªãch	N∆∞·ªõc ngo√†i	True	50%	False	18	False	4.99	[201, 0, 1, 0, 2, 198]	None	None	1128500000	2256900000	2184900000	4369800000	1128500000	2256900000	None	58	3677	201	False	False	9	0	338	809
[M√£ FACB201 ho√†n 15% t·ªëi ƒëa 30K xu ƒë∆°n 50K] V√≤ng c·ªï chocker b·∫°c ƒë√≠nh ƒë√° pha l√™ th·ªùi trang n·ªØ	N∆∞·ªõc ngo√†i	True	39%	False	1	False	4.904494	[356, 3, 2, 3, 10, 338]	None	None	2990000000	4890000000	2990000000	4890000000	2990000000	4890000000	None	422	2867	356	False	True	8	0	91	883
ƒê·∫ßm √¥m tay ng·∫Øn s·ªçc th·ªùi trang n·ªØ	N∆∞·ªõc ngo√†i	True	40%	False	3	False	4.714286	[7, 0, 0, 0, 2, 5]	None	None	7900000000	13114000000	7900000000	13114000000	7900000000	13114000000	None	83	143	7	False	False	9	0	3	26
[M√£ WAFAST ho√†n 20% t·ªëi ƒëa 100k xu ƒë∆°n 250k] G·ªçng k√≠nh m·∫Øt tr√≤n nh·ª±a d·∫ªo th·ªùi trang n·ªØ Lilyeyewear 59193 nhi·ªÅu m√†u	H√† N·ªôi	False	31%	False	5	True	4.922652	[1811, 3, 5, 26, 64, 1713]	None	None	13900000000	20000000000	13900000000	20000000000	13900000000	20000000000	None	4239	66578	1811	False	True	9	1	719	3603
C√†i t√≥c kim lo·∫°i thi·∫øt k·∫ø g·ª£n s√≥ng phong c√°ch H√†n Qu·ªëc th·ªùi trang n·ªØ d·ªÖ th∆∞∆°ng	N∆∞·ªõc ngo√†i	True	50%	False	1	False	4.95389	[347, 1, 0, 1, 10, 335]	None	None	550000000	1100000000	550000000	1100000000	550000000	1100000000	None	158	9274	347	False	False	4	0	599	1118
[M√£ FACB201 ho√†n 15% t·ªëi ƒëa 30K xu ƒë∆°n 50K] V√≤ng c·ªï m·∫∑t h√¨nh ch√∫ chim m√†u b·∫°c th·ªùi trang n·ªØ	N∆∞·ªõc ngo√†i	True	40%	False	1	False	4.959707	[546, 2, 0, 1, 12, 531]	None	None	2832000000	4720000000	2832000000	4720000000	2832000000	4720000000	None	651	14895	546	False	True	6	0	219	1214
[M√£ FACB201 ho√†n 15% t·ªëi ƒëa 30K xu ƒë∆°n 50K] C√†i t√≥c thi·∫øt k·∫ø g·ª£n s√≥ng m√†u v√†ng d·ªÖ ph·ªëi ƒë·ªì th·ªùi trang n·ªØ d·ªÖ th∆∞∆°ng	N∆∞·ªõc ngo√†i	True	50%	False	26	False	4.978528	[326, 0, 0, 1, 5, 320]	None	None	1650000000	3300000000	1650000000	3300000000	1650000000	3300000000	None	136	6823	326	False	True	9	0	450	980
K·∫πp t√≥c c√†ng cua b·∫±ng Acrylic m√†u nh√°m phong c√°ch H√†n Qu·ªëc th·ªùi trang n·ªØ thanh l·ªãch	N∆∞·ªõc ngo√†i	False	41%	False	6	False	4.973545	[189, 0, 0, 1, 3, 185]	None	None	1100000000	1880000000	1100000000	1880000000	1100000000	1880000000	None	20	5848	189	False	False	9	0	413	431
Set 2 k·∫πp t√≥c m√†u s·∫Øc ƒëa d·∫°ng phong c√°ch H√†n Qu·ªëc th·ªùi trang n·ªØ d·ªÖ th∆∞∆°ng	N∆∞·ªõc ngo√†i	False	45%	False	7	False	4.963855	[166, 1, 0, 0, 2, 163]	None	None	1644500000	2990000000	1644500000	2990000000	1644500000	2990000000	None	416	17660	166	False	False	9	0	302	302
[M√£ FACB201 ho√†n 15% t·ªëi ƒëa 30K xu ƒë∆°n 50K] K·∫πp vu√¥ng trong su·ªët phong c√°ch H√†n Qu·ªëc th·ªùi trang n·ªØ ƒë∆°n gi·∫£n	N∆∞·ªõc ngo√†i	False	45%	False	25	False	4.9967	[303, 0, 0, 0, 1, 302]	None	None	1160000000	2120000000	1510000000	2120000000	1160000000	2120000000	None	281	11792	303	False	False	9	0	546	619
Nh·∫´n ƒêeo Tay Kim Lo·∫°i Thi·∫øt K·∫ø ƒê∆°n Gi·∫£n Th·ªùi Trang N·ªØ	N∆∞·ªõc ngo√†i	True	36%	False	4	False	4.94697	[132, 1, 1, 0, 0, 130]	None	None	2900000000	4500000000	3600000000	5500000000	2900000000	4500000000	None	216	1992	132	False	False	9	0	57	746
D√¢y chuy·ªÅn choker kim lo·∫°i thi·∫øt k·∫ø d√†y phong c√°ch hip hop retro th·ªùi trang n·ªØ	N∆∞·ªõc ngo√†i	True	30%	False	2	False	4.952245	[1047, 2, 2, 6, 24, 1013]	None	None	650000000	928000000	650000000	928000000	650000000	928000000	None	667	25713	1047	False	False	8	0	1525	2701
V·ªõ cotton phong c√°ch Nh·∫≠t B·∫£n th·ªùi trang n·ªØ d·ªÖ th∆∞∆°ng	N∆∞·ªõc ngo√†i	True	50%	False	5	False	4.968692	[543, 2, 1, 2, 2, 536]	None	None	1500000000	3000000000	1500000000	3000000000	1500000000	3000000000	None	634	8177	543	False	False	8	0	519	1046
[M√£ FACB201 ho√†n 15% t·ªëi ƒëa 30K xu ƒë∆°n 50K] K·∫πp t√≥c ki·ªÉu d√°ng c√¢y k√©o ƒë·ªôc ƒë√°o th·ªùi trang n·ªØ	N∆∞·ªõc ngo√†i	False	20%	False	2	False	4.988281	[256, 0, 0, 0, 3, 253]	None	None	590000000	739400000	590000000	739400000	590000000	739400000	None	113	1507	256	False	False	6	0	116	701
[M√£ FACB201 ho√†n 15% t·ªëi ƒëa 30K xu ƒë∆°n 50K] Nh·∫´n d·∫°ng h·ªü th·ªùi trang n·ªØ ƒë√≠nh ƒë√° pha l√™ m√†u b·∫°c ki·ªÉu d√°ng m√®o con	N∆∞·ªõc ngo√†i	True	40%	False	1	False	4.961883	[892, 4, 0, 4, 10, 874]	None	None	1150000000	1926000000	1150000000	1926000000	1150000000	1926000000	None	653	7838	892	False	True	7	0	298	2242
[M√£ FACB201 ho√†n 15% t·ªëi ƒëa 30K xu ƒë∆°n 50K] BƒÉng ƒê√¥ L√¥ng C·ª´u M·ªÅm M·∫°i 2020 Th·ªùi Trang N·ªØ	N∆∞·ªõc ngo√†i	True	49%	False	31	False	4.933453	[2795, 9, 7, 28, 73, 2678]	None	None	1860000000	3650000000	1860000000	3650000000	1860000000	3650000000	None	1707	19623	2795	False	True	8	0	701	7878
D√¢y Bu·ªôc T√≥c M·ªÅm M·∫°i Th·ªùi Trang N·ªØ	N∆∞·ªõc ngo√†i	True	40%	False	9	False	4.951923	[208, 0, 0, 3, 4, 201]	None	None	600000000	1000000000	600000000	1000000000	600000000	1000000000	None	45	1388	208	False	False	9	0	190	735
D√¢y chuy·ªÅn 2 l·ªõp m·∫∑t h√¨nh ƒë·ªìng xu tr√≤n th·ªùi trang n·ªØ phong c√°ch H√†n Qu·ªëc c·ªï ƒëi·ªÉn	N∆∞·ªõc ngo√†i	True	30%	False	2	False	4.945455	[165, 1, 1, 0, 2, 161]	None	None	1250000000	1785700000	1250000000	1785700000	1250000000	1785700000	None	111	2239	165	False	False	8	0	127	510
[M√£ WAFAST ho√†n 20% t·ªëi ƒëa 100k xu ƒë∆°n 250k] G·ªçng k√≠nh c·∫≠n tr√≤n kim lo·∫°i th·ªùi trang n·ªØ Lilyeyewear 2736 nhi·ªÅu m√†u	H√† N·ªôi	False	44%	False	8	True	4.936815	[2739, 5, 4, 27, 91, 2612]	None	None	16900000000	30000000000	16900000000	30000000000	16900000000	30000000000	None	7191	127017	2739	False	True	8	1	1023	5377
[M√£ FACB201 ho√†n 15% t·ªëi ƒëa 30K xu ƒë∆°n 50K] D√¢y bu·ªôc t√≥c co gi√£n th·ªùi trang n·ªØ phong c√°ch H√†n Qu·ªëc	N∆∞·ªõc ngo√†i	True	23%	False	10	False	4.945652	[283, 2, 0, 1, 5, 275]	None	None	100000000	130000000	100000000	130000000	100000000	130000000	None	53	2713	283	False	False	7	0	800	3298
[M√£ FACB201 ho√†n 15% t·ªëi ƒëa 30K xu ƒë∆°n 50K] D√¢y bu·ªôc t√≥c k·∫ª s·ªçc ca r√¥ th·ªùi trang n·ªØ	N∆∞·ªõc ngo√†i	True	36%	False	18	False	4.939286	[1402, 11, 2, 9, 24, 1356]	None	None	1600000000	2500000000	1600000000	2500000000	1600000000	2500000000	None	1058	20696	1402	False	True	9	0	280	5402
G·ªçng k√≠nh tr√≤n ch·∫•t li·ªáu nh·ª±a d·∫ªo ph·ª• ki·ªán th·ªùi trang n·ªØ Lilyeyewear 209 nhi·ªÅu m√†u	H√† N·ªôi	False	49%	False	5	True	4.94403	[536, 0, 1, 8, 11, 516]	None	None	13900000000	27000000000	13900000000	27000000000	13900000000	27000000000	None	1726	18461	536	False	True	9	1	338	1039
[M√£ FACB201 ho√†n 15% t·ªëi ƒëa 30K xu ƒë∆°n 50K] Khuy√™n tai h√¨nh b√¥ng tuy·∫øt d√°ng d√†i ƒë√≠nh pha l√™ ng·ªçc trai gi·∫£ th·ªùi trang n·ªØ	N∆∞·ªõc ngo√†i	True	35%	False	1	False	4.94359	[195, 0, 1, 2, 4, 188]	None	None	1456000000	2240000000	1456000000	2240000000	1456000000	2240000000	None	76	1358	195	False	False	8	0	121	562
[M√£ FACB201 ho√†n 15% t·ªëi ƒëa 30K xu ƒë∆°n 50K] Nh·∫´n ƒë√≠nh ƒë√° l·∫•p l√°nh h√¨nh b∆∞·ªõm th·ªùi trang n·ªØ d·ªÖ th∆∞∆°ng	N∆∞·ªõc ngo√†i	True	40%	False	1	False	4.912621	[103, 0, 1, 1, 4, 97]	None	None	1438700000	2397800000	1438700000	2397800000	1438700000	2397800000	None	126	1546	103	False	False	5	0	54	286
G·ªçng k√≠nh c·∫≠n vu√¥ng ch·∫•t li·ªáu nh·ª±a d·∫ªo ph·ª• ki·ªán th·ªùi trang n·ªØ Lilyeyewear 210 nhi·ªÅu m√†u	H√† N·ªôi	False	49%	False	5	True	4.942158	[899, 1, 3, 7, 25, 863]	None	None	13900000000	27000000000	13900000000	27000000000	13900000000	27000000000	None	2086	30810	899	False	True	9	1	489	1943
[M√£ FACB201 ho√†n 15% t·ªëi ƒëa 30K xu ƒë∆°n 50K] Khuy√™n tai b·∫°c h√¨nh tr√°i tim ƒë√≠nh ƒë√° zircon th·ªùi trang n·ªØ	N∆∞·ªõc ngo√†i	True	40%	False	1	False	4.962162	[185, 0, 0, 2, 3, 180]	None	None	1656000000	2760000000	1656000000	2760000000	1656000000	2760000000	None	94	1711	185	False	False	6	0	88	463
[M√£ FACB201 ho√†n 15% t·ªëi ƒëa 30K xu ƒë∆°n 50K] V√≤ng Tay Chu·ªói H·∫°t Ph·ªëi N∆° Thi·∫øt K·∫ø H·ª£p Th·ªùi Trang Cho N·ªØ	N∆∞·ªõc ngo√†i	True	30%	False	1	False	4.890196	[255, 3, 1, 2, 9, 240]	None	None	910000000	1300000000	910000000	1300000000	910000000	1300000000	None	250	12040	255	False	False	7	0	353	735
[M√£ FACB201 ho√†n 15% t·ªëi ƒëa 30K xu ƒë∆°n 50K] Nh·∫´n th·ªùi trang ƒë∆°n gi·∫£n Exquisite phong c√°ch c·ªï ƒëi·ªÉn cho n·ªØ	N∆∞·ªõc ngo√†i	True	47%	False	19	False	4.977273	[132, 0, 0, 0, 3, 129]	None	None	700000000	1333300000	700000000	1333300000	700000000	1333300000	None	70	2609	132	False	False	9	0	386	879
[M√£ FACB201 ho√†n 15% t·ªëi ƒëa 30K xu ƒë∆°n 50K] K·∫πp t√≥c m√†u th·∫°ch c·ª° l·ªõn phong c√°ch H√†n Qu·ªëc h·ª£p th·ªùi trang xinh x·∫Øn cho n·ªØ	N∆∞·ªõc ngo√†i	True	44%	False	12	False	4.939716	[1128, 8, 1, 8, 17, 1094]	None	None	900000000	1600000000	900000000	1600000000	900000000	1600000000	None	307	21976	1128	False	False	9	1	3092	4911
K·∫πp T√≥c H√¨nh Thoi ƒê√≠nh ƒê√° Th·ªùi Trang Cho N·ªØ	N∆∞·ªõc ngo√†i	False	31%	False	2	False	0.0	[0, 0, 0, 0, 0, 0]	None	None	3312000000	4800000000	3312000000	4800000000	3312000000	4800000000	None	9	546	0	False	False	5	0	4	4
[M√£ FACB201 ho√†n 15% t·ªëi ƒëa 30K xu ƒë∆°n 50K] K·∫πp T√≥c Kim Lo·∫°i Ki·ªÉu D√°ng S√°ng T·∫°o Th·ªùi Trang Cho N·ªØ	N∆∞·ªõc ngo√†i	True	53%	False	20	False	4.937451	[1279, 7, 1, 16, 17, 1238]	None	None	1300000000	2600000000	2680000000	4600000000	1300000000	2600000000	None	600	49280	1279	False	False	9	1	3981	6552
